<?xml version="1.0" encoding="UTF-8"?>
<project-private xmlns="http://www.netbeans.org/ns/project-private/1">
    <editor-bookmarks xmlns="http://www.netbeans.org/ns/editor-bookmarks/2" lastBookmarkId="1">
        <file>
            <url>src/tarea02/Ejercicio01.java</url>
            <bookmark id="1">
                <name/>
                <line>49</line>
                <key/>
            </bookmark>
        </file>
    </editor-bookmarks>
    <open-files xmlns="http://www.netbeans.org/ns/projectui-open-files/2">
        <group>
            <file>file:/C:/Users/ferna/Documents/DAW/PROG/Tarea%202/Fernandez_Vidal_Luis_PROG02_Tarea/Fernandez_Vidal_Luis_PROG02_Tarea/src/tarea02/Ejercicio01.java</file>
        </group>
    </open-files>
</project-private>
