<?xml version="1.0" encoding="UTF-8"?>
<project-private xmlns="http://www.netbeans.org/ns/project-private/1">
    <editor-bookmarks xmlns="http://www.netbeans.org/ns/editor-bookmarks/2" lastBookmarkId="0"/>
    <open-files xmlns="http://www.netbeans.org/ns/projectui-open-files/2">
        <group>
            <file>file:/C:/Users/ferna/Desktop/Fernandez_Vidal_Luis_PROG01_Tarea/src/tarea01/Ejercicio02.java</file>
            <file>file:/C:/Users/ferna/Desktop/Fernandez_Vidal_Luis_PROG01_Tarea/src/tarea01/Ejercicio01.java</file>
            <file>file:/C:/Users/ferna/Desktop/Fernandez_Vidal_Luis_PROG01_Tarea/src/tarea01/Ejercicio03.java</file>
        </group>
    </open-files>
</project-private>
